English,French,Spanish,Portuguese,Agrovoc Unique Identifier
adjudication,arbitrage,Adjudicación,Adjudicação,http://aims.fao.org/aos/agrovoc/c_ee93bbbe
advocacy,plaidoyer,Incidencia,Advocacia,http://aims.fao.org/aos/agrovoc/c_1410424255662
agrarian reform,Réforme agraire,Reforma agraria,Reforma agrária,http://aims.fao.org/aos/agrovoc/c_196
agrarian structure,Structure agraire,Estructura agraria,Estrutura agrária,http://aims.fao.org/aos/agrovoc/c_7193
agricultural and rural legislation,Droit agricole et rural,Legislación agraria,Legislação agrária,http://aims.fao.org/aos/agrovoc/c_28633
agricultural land management,gestion de terre agricole,gestión de tierras agricolas,Gestão de solos agrícolas,http://aims.fao.org/aos/agrovoc/c_4bd6790a
agricultural landscape,Paysage agricole,Paisaje agrícola,Paisagem agrícola,http://aims.fao.org/aos/agrovoc/c_37277
agriculture,Agriculture,Agricultura,Agricultura,http://aims.fao.org/aos/agrovoc/c_203
agroforestry systems,systèmes agroforestiers,sistemas agroforestales,Sistemas agroflorestais,http://aims.fao.org/aos/agrovoc/c_330982
agropastoral systems,Système agropastoral,Sistemas agropascícolas,Sistema agropastoril,http://aims.fao.org/aos/agrovoc/c_16112
alienation (land),aliénation (terrain),enajenación (de la tierra),Alienação (terra),http://aims.fao.org/aos/agrovoc/c_ceb73ce1
animal husbandry,Élevage,Ganadería,Criação animal,http://aims.fao.org/aos/agrovoc/c_8532
aquaculture,Aquaculture,Acuicultura,Aquicultura,http://aims.fao.org/aos/agrovoc/c_550
area,espace,Área,Área (terra),http://aims.fao.org/aos/agrovoc/c_330588
assessment,évaluation,Evaluación,Avaliação,http://aims.fao.org/aos/agrovoc/c_330990
assignment (land),transfert de droits (tenure foncière),cesión del arrendamiento,Atribuição (terra),http://aims.fao.org/aos/agrovoc/c_8c6882ab
boundaries,Délimitation,Límite,Limite,http://aims.fao.org/aos/agrovoc/c_15686
cadastral administration,administration cadastrale,administración catastral,Administração cadastral,http://aims.fao.org/aos/agrovoc/c_d774aa00
cadastral register,registre cadastral,registro catastral,Cadastro predial,http://aims.fao.org/aos/agrovoc/c_b4d51db0
cadastres,Cadastre,Catastros,Cadastro,http://aims.fao.org/aos/agrovoc/c_1177
capacity building,développement des capacités,creación de capacidad,Desenvolvimento das capacidades,http://aims.fao.org/aos/agrovoc/c_37836
capital value (land),valeur du bien (foncier),valor de capital (tierra),Valor do capital (terra),http://aims.fao.org/aos/agrovoc/c_a9966ac9
CEDAW,CEDEF,CEDAW,CEDAW,http://aims.fao.org/aos/agrovoc/c_958edb9d
climate change,Changement climatique,Cambio climático,Mudança de clima,http://aims.fao.org/aos/agrovoc/c_1666
co-ownership rights,copropriété,copropiedad,Direitos de co-propriedade,http://aims.fao.org/aos/agrovoc/c_599d2e5c
coastal area,Zone côtière,Area costera,Zona costeira,http://aims.fao.org/aos/agrovoc/c_9000021
codification,codification,codificación,Codificação,http://aims.fao.org/aos/agrovoc/c_0eca1c57
collateral (land),collatéral (bien foncier),garantía (fundo),Garantia (terra),http://aims.fao.org/aos/agrovoc/c_931da360
collective ownership,Propriété collective,Propiedad colectiva,Propriedade colectiva,http://aims.fao.org/aos/agrovoc/c_29157
common lands,Terre communale,Tierras comunales,Terras comunitárias,http://aims.fao.org/aos/agrovoc/c_1782
common law,Droit commun,Derecho común,Direito comum,http://aims.fao.org/aos/agrovoc/c_1783
common property,Propriété commune,Propiedad comunal,Propriedade comum,http://aims.fao.org/aos/agrovoc/c_9000022
common rights,Droit d'utilisation commune,régimen comunal (de tierras),Direitos de uso comum (terras),http://aims.fao.org/aos/agrovoc/c_de048871
commons,biens communs,bienes comunes,Bens comuns,http://aims.fao.org/aos/agrovoc/c_778a14cf
communal ownership,communaux,propiedad comunal,Propriedade comunitária,http://aims.fao.org/aos/agrovoc/c_9024771d
communal territory,territoire communal,territorio comunal,Território comunitário,http://aims.fao.org/aos/agrovoc/c_41b77c02
community forestry,foresterie communautaire,silvicultura comunitaria,Silvicultura comunitária,http://aims.fao.org/aos/agrovoc/c_16532
community land rights,droits fonciers collectifs,Derechos sobre tierras comunales,Direitos comunitários sobre a terra,http://aims.fao.org/aos/agrovoc/c_ff890f6b
compensation,Indemnisation,Indemnización,Indemnização,http://aims.fao.org/aos/agrovoc/c_1791
compulsory acquisitions,acquisition obligatoire,Adquisición obligatoria,Aquisição compulsória,http://aims.fao.org/aos/agrovoc/c_95fedfc9
concession (land),concession (foncière),concesión (fundo),Concessão (terra),http://aims.fao.org/aos/agrovoc/c_357653f9
conflict of interest,conflit d'intérêts,conflicto de interés,Conflito de interesses,http://aims.fao.org/aos/agrovoc/c_854e9e62
continuum in land rights,continuum des droits fonciers,Continuidad en el derecho a la tierra,Continuidade no direito à terra,http://aims.fao.org/aos/agrovoc/c_ffd74ae5
contract farming,Agriculture contractuelle,Agricultura contractual,Agricultura contratual,http://aims.fao.org/aos/agrovoc/c_1839
control rights,droit de contrôle,derechos de control,Direitos de controlo,http://aims.fao.org/aos/agrovoc/c_7a25baee
customary land rights,droit foncier coutumier,derechos tradicionales,Direito consuetudinário sobre a terra,http://aims.fao.org/aos/agrovoc/c_cd44c0b3
customary law,Droit coutumier,Derecho consuetudinario,Direito consuetudinário,http://aims.fao.org/aos/agrovoc/c_10222
customary tenure,régime coutumier,Tenencia consuetudinaria,Posse consuetudinária,http://aims.fao.org/aos/agrovoc/c_56c34d4d
decentralization,Décentralisation,Descentralización,Descentralização,http://aims.fao.org/aos/agrovoc/c_2143
deed,disposition légale,escritura,Escritura,http://aims.fao.org/aos/agrovoc/c_c10cdeb5
deed registration,enregistrement de l’acte,Registro de escrituras,Registro de escritura,http://aims.fao.org/aos/agrovoc/c_6120d7bc
deforestation,Déboisement,Deforestación,Desflorestação,http://aims.fao.org/aos/agrovoc/c_15590
delinquent behaviour,Comportement déviant,Conducta delictiva,Comportamento delinquente,http://aims.fao.org/aos/agrovoc/c_28663
desertification,Désertification,Desertificación,Desertificação,http://aims.fao.org/aos/agrovoc/c_2204
development,développement,Desarrollo,Desenvolvimento,http://aims.fao.org/aos/agrovoc/c_331049
development agencies,Agence de développement,Agencias de desarrollo,Agência de desenvolvimento,http://aims.fao.org/aos/agrovoc/c_2224
displacement,déplacement,Desplazamiento,Deslocação,http://aims.fao.org/aos/agrovoc/c_65c7772b
dispossession,expropriation,Desposesión,Desapropriação,http://aims.fao.org/aos/agrovoc/c_781deefb
disturbance,demande de compensation,reclamación de indemnización,Pedido de indemnização,http://aims.fao.org/aos/agrovoc/c_cbe171b4
dowry (land),dot (terre),dote (tierra),Dote (terra),http://aims.fao.org/aos/agrovoc/c_f7cf8606
eminent domain,domaine éminent,dominio eminente,Domínio eminente,http://aims.fao.org/aos/agrovoc/c_c208d7f3
encroachment,empiétement,invasión,Invasão,http://aims.fao.org/aos/agrovoc/c_a245096c
environment,Environnement,Medio ambiente,Ambiente,http://aims.fao.org/aos/agrovoc/c_2593
estate management,gestion de biens (fonciers),gestión de bienes,Gestão da propriedade (terra),http://aims.fao.org/aos/agrovoc/c_21323863
eviction,déguerpissement,desalojo,Despejo,http://aims.fao.org/aos/agrovoc/c_0b88a82c
expropriation,Expropriation,Expropiación,Expropriação,http://aims.fao.org/aos/agrovoc/c_1798
extensive land use,Utilisation extensive des terres,Utilización extensiva de la tierra,Utilização extensiva da terra,http://aims.fao.org/aos/agrovoc/c_36552
extractive industries,industries extractives,Industrias extractivas,Indústrias extrativas,http://aims.fao.org/aos/agrovoc/c_5d3b8015
farm tenancy,fermage,arrendamiento de fincas,Arrendamento agrícola,http://aims.fao.org/aos/agrovoc/c_dec8141f
farmers,Agriculteur,Agricultores,Agricultor,http://aims.fao.org/aos/agrovoc/c_2805
farmers associations,Association d'agriculteurs,Asociaciones de agricultores,Associação de agricultores,http://aims.fao.org/aos/agrovoc/c_2806
farmers organizations,Organisation paysanne,Organizaciones de agricultores,Organização de agricultores,http://aims.fao.org/aos/agrovoc/c_37175
farming systems,Système d'exploitation agricole,Sistemas de explotación,Sistema de exploração agrícola,http://aims.fao.org/aos/agrovoc/c_2807
farmland,Terre agricole,Tierras agrícolas,Terra agrícola,http://aims.fao.org/aos/agrovoc/c_2808
fisheries,Pêches,Pesca,Pesca,http://aims.fao.org/aos/agrovoc/c_2934
food security,Sécurité alimentaire,Seguridad alimentaria,Segurança alimentar,http://aims.fao.org/aos/agrovoc/c_10967
forest conservation,conservation des forêts,conservación de montes,Conservação da floresta,http://aims.fao.org/aos/agrovoc/c_1374158672853
forest grazing,Pâturage,Pastoreo en el bosque,Pastoreio na floresta,http://aims.fao.org/aos/agrovoc/c_3046
forest land,terrain forestier,tierras forestales,Terra florestal,http://aims.fao.org/aos/agrovoc/c_24843
forest law,droit forestier,legislación forestal,Legislação florestal,http://aims.fao.org/aos/agrovoc/c_8c59c597
forest management plans,plan d'aménagement forestier,planes de ordenación forestal,Planos de ordenamento florestal,http://aims.fao.org/aos/agrovoc/c_1374070277659
forest monitoring and assessment,évaluation des ressources forestières,evaluación de los recursos forestales,Monitorização e avaliação dos reursos florestais,http://aims.fao.org/aos/agrovoc/c_1374155312641
forest regulations,Réglementation forestière,Reglamentación forestal,Regulamentação florestal,http://aims.fao.org/aos/agrovoc/c_28079
forestry,foresterie,ciencias forestales,Actividade florestal,http://aims.fao.org/aos/agrovoc/c_3055
forestry policies,Politique forestière,Política forestal,Política florestal,http://aims.fao.org/aos/agrovoc/c_3060
formal tenure,droits fonciers formels,Tenencia formal,Posse formal,http://aims.fao.org/aos/agrovoc/c_dfbaecdf
free trade agreements,accord de libre échange commercial,Acuerdos de libre comercio,Acordos de comércio livre,http://aims.fao.org/aos/agrovoc/c_3ffda84e
freehold,en pleine propriété,Propiedad plena y libre,Propriedade plena e livre de encargos,http://aims.fao.org/aos/agrovoc/c_b972e0ea
gender equity in access to land,la parité hommes-femmes en matière d’accès à la terre,Equidad de género en el acceso a la tierra,Equidade de género no acesso à terra,http://aims.fao.org/aos/agrovoc/c_1dfe5bfe
geographical information systems,Système d'information géographique,Sistemas de información geográfica,Sistema de informação geográfica,http://aims.fao.org/aos/agrovoc/c_35131
geomatics,géomatique,geomática,Geomática,http://aims.fao.org/aos/agrovoc/c_92332
Global Land Indicator Initiative,Initiative mondiale land indicator,Iniciativa de Indicadores Globales sobre la Tierra,Iniciativa Global Land Indicator,http://aims.fao.org/aos/agrovoc/c_8b624d6a
government purchases,achat gouvernemental,Compras gubernamentales,Compras governamentais,http://aims.fao.org/aos/agrovoc/c_b3864149
grassroots organizations,organisation de base,organizaciones de base comunitaria,Organizações de base comunitária,http://aims.fao.org/aos/agrovoc/c_50226
grazing,Pâturage en forêt,Pastoreo,Pastoreio,http://aims.fao.org/aos/agrovoc/c_25243
grazing contracts,contrat de pâturage,contratos de pastoreo,Contratos de pastagem,http://aims.fao.org/aos/agrovoc/c_bac66d94
grazing land rights,droit sur les terres de parcours,derechos de pastoreo,Direitos à terra de pastagem,http://aims.fao.org/aos/agrovoc/c_97241aeb
grazing lands,Terre de pâturage,Tierras de pastoreo,Terra de pastoreio,http://aims.fao.org/aos/agrovoc/c_3369
green belts,Espace vert,Zonas verdes,Área verde urbana,http://aims.fao.org/aos/agrovoc/c_37720
ground rent,Rente foncière,Renta fundiaria,Renda fundiária,http://aims.fao.org/aos/agrovoc/c_3389
housing rights,droit au logement,Derechos de vivienda,Direito à habitação,http://aims.fao.org/aos/agrovoc/c_a1b5abd0
illegal occupation,occupation illégale,ocupación ilegal,Ocupação ilegal,http://aims.fao.org/aos/agrovoc/c_8dd43c79
independent experts,expert indépendant,Expertos Independientes (litigios legales),Perito independente,http://aims.fao.org/aos/agrovoc/c_60fbd8f7
indigenous land rights,droits fonciers des peuples autochtones,Derechos sobre tierras indígenas,Direitos das terras indígenas,http://aims.fao.org/aos/agrovoc/c_d42b49e7
indigenous lands,territoire indigène,tierras indígenas,Terras indígenas,http://aims.fao.org/aos/agrovoc/c_86524ff8
indigenous peoples,peuple autochtone,pueblos indígenas,Pessoas indígenas,http://aims.fao.org/aos/agrovoc/c_331524
indigenous tenure,tenure foncière indigène,tenencia de tierras indígenas,Posse de terra indígena,http://aims.fao.org/aos/agrovoc/c_a291ae58
informal property,propriété informelle,propiedad informal,Propriedade informal,http://aims.fao.org/aos/agrovoc/c_1d4ea7db
informal settlements,implantations sauvages,Asentamientos informales,Assentamentos informais,http://aims.fao.org/aos/agrovoc/c_ba3b2ea7
inheritance tax,Impôt sur succession,Impuesto sobre la herencia,Imposto sucessório,http://aims.fao.org/aos/agrovoc/c_3870
intensive land use,Utilisation intensive des terres,Utilización intensiva de la tierra,Utilização intensiva da terra,http://aims.fao.org/aos/agrovoc/c_36551
investment funds,fonds d'investissement,Fondos de inversión,Fundos de investimento,http://aims.fao.org/aos/agrovoc/c_0d7ef890
Islamic law,loi islamique,Ley islámica,Lei islâmica,http://aims.fao.org/aos/agrovoc/c_34fdb55c
land,Terre,Tierras,Terra,http://aims.fao.org/aos/agrovoc/c_4172
land access,accès à la terre,acceso a la tierra,Acesso à terra,http://aims.fao.org/aos/agrovoc/c_9000090
land acquisitions,acquisition foncière,adquisiciones de tierras,Aquisições de terras,http://aims.fao.org/aos/agrovoc/c_89d3dcbb
land administration,Administration foncière,Administración de tierras,Administração de terras,http://aims.fao.org/aos/agrovoc/c_9000091
land allocation,allocation des terres,Asignación de tierras,Alocação de terras,http://aims.fao.org/aos/agrovoc/c_1464c114
land area,espace foncier,área de tierra,Área de terra,http://aims.fao.org/aos/agrovoc/c_298db0d3
land clearing,Défrichement,Desmonte,Limpeza do terreno,http://aims.fao.org/aos/agrovoc/c_1662
land concentration,concentration foncière,concentración de la tierra,Concentração de terras,http://aims.fao.org/aos/agrovoc/c_8654e90e
land conflicts,conflit foncier,conflictos por la tierra,Conflitos de terra,http://aims.fao.org/aos/agrovoc/c_e236b2b1
land consolidation,Remembrement,Concentración parcelaria,Emparcelamento,http://aims.fao.org/aos/agrovoc/c_4173
land cover,couverture du sol,cobertura de suelos,Cobertura do solo,http://aims.fao.org/aos/agrovoc/c_37897
land cover mapping,Cartographie de l'occupation du sol,Cartografía de la cubierta vegetal,Cartografia da ocupação do solo,http://aims.fao.org/aos/agrovoc/c_9000094
land deals,acquisition des terres,Negocios de tierras,Negócios de terras,http://aims.fao.org/aos/agrovoc/c_666dbc26
land degradation,Dégradation des terres,Degradación de tierras,Degradação de terras,http://aims.fao.org/aos/agrovoc/c_34823
land delivery,production foncière,Entrega de tierra,Entrega de terras,http://aims.fao.org/aos/agrovoc/c_b317eba8
land development (urbanization),Développement foncier (urbanisme),Desarrollo tierras (urbanización),Desenvolvimento terra (urbanização),http://aims.fao.org/aos/agrovoc/c_4174
land dispute,dispute foncière,conflicto agrario,Disputa por terra,http://aims.fao.org/aos/agrovoc/c_1ada969a
land dispute resolution,résolution des conflits fonciers,Resolución de disputas por la tierra,Conflitos de terra ou resolução de litígios.,http://aims.fao.org/aos/agrovoc/c_6f79699c
land distribution,Distribution des terres,Distribución de tierras,Distribuição da terra,http://aims.fao.org/aos/agrovoc/c_37734
land diversion,Retrait des terres,Desviación del uso de la tierra,Uso não agrícola da terra,http://aims.fao.org/aos/agrovoc/c_28716
land economics,Économie foncière,Economía de la tierra,Economia da terra,http://aims.fao.org/aos/agrovoc/c_25195
land environment,environnement foncier,Ambiente de tierras,Ambiente da terra.,http://aims.fao.org/aos/agrovoc/c_7ffc9d69
land fragmentation,morcellement des terres,Fragmentación de la tierra,Fragmentação de parcelas (terra),http://aims.fao.org/aos/agrovoc/c_0543301f
land governance,gouvernance foncière,Gobernanza de la tierra,Governança da terra,http://aims.fao.org/aos/agrovoc/c_aca7ac6d
land grabbing,accaparement foncier,acaparamiento de tierras,Apropriação de terras,http://aims.fao.org/aos/agrovoc/c_cc39a497
land grabs,accaparement foncier,acaparamiento de tierras,Confisco de terras,http://aims.fao.org/aos/agrovoc/c_45ce1b52
land improvement,Amélioration foncière,Mejora de la tierra,Melhoramento fundiário,http://aims.fao.org/aos/agrovoc/c_28717
land information systems,Systèmes d'information foncière,Sistemas de información de tierras,Sistema de informação de terras,http://aims.fao.org/aos/agrovoc/c_9000096
land inheritance rights,droit d' héritage sur la terre,derechos de herencia sobre la tierra,Direitos sobre terra por herança.,http://aims.fao.org/aos/agrovoc/c_70a14ab3
land investments,investissement foncier,inversiones en tierras,Investimentos em terras,http://aims.fao.org/aos/agrovoc/c_9a4f48b4
land law,loi foncière,derecho agrario,Direito fundiário,http://aims.fao.org/aos/agrovoc/c_573abb9f
land loans,prêt foncier,préstamos de tierras,Empréstimo de terra,http://aims.fao.org/aos/agrovoc/c_8b6d895f
land management,Gestion foncière,Ordenación de tierras,Administração fundiária,http://aims.fao.org/aos/agrovoc/c_24866
land markets,Marché foncier,Mercado de tierras,Mercado fundiário,http://aims.fao.org/aos/agrovoc/c_4175
land ownership,Propriété foncière,Propiedad de la tierra,Propriedade da terra,http://aims.fao.org/aos/agrovoc/c_28718
land policies,Politique foncière,Política agraria,Política agrária,http://aims.fao.org/aos/agrovoc/c_195
land readjustment,réaffectation des terres,Reajuste de tierras,Reajustamento fundiário,http://aims.fao.org/aos/agrovoc/c_57156ff8
land reform,Réforme foncière,Reforma de la tenencia de la tierra,Reforma fundiária,http://aims.fao.org/aos/agrovoc/c_4178
land registration,Enregistrement foncier,Registro de tierras,Registro de terras,http://aims.fao.org/aos/agrovoc/c_9000098
land rent,rente foncière,renta de la tierra,Renda da terra,http://aims.fao.org/aos/agrovoc/c_7bea427c
land rights,Droit foncier,Derechos de tierras,Direito fundiário,http://aims.fao.org/aos/agrovoc/c_37898
land rights activists,militants du droit à la terre,Activistas por el derecho a la tierra,Activistas em direitos fundiários,http://aims.fao.org/aos/agrovoc/c_e6067b76
land speculation,spéculation foncière,Especulación de tierras,Especulação fundiária,http://aims.fao.org/aos/agrovoc/c_15d85712
land subdivision,allocation des terres,Subdivisión de la tierra,Loteamento,http://aims.fao.org/aos/agrovoc/c_a79c0bb8
land suitability,Aptitude des terres,Vocación de la tierra,Aptidão da terra,http://aims.fao.org/aos/agrovoc/c_15992
land tax,Impôt foncier,Impuesto a la tierra,Imposto sobre propriedade da terra,http://aims.fao.org/aos/agrovoc/c_4180
land tenants,locataire foncier,arrendatarios de tierras,Arrendatários de terras,http://aims.fao.org/aos/agrovoc/c_c48aca78
land tenure,tenure foncière,Tenencia de la tierra,Posse da terra,http://aims.fao.org/aos/agrovoc/c_12069
land tenure systems,systèmes de tenure,modos de aprovechamiento,Sistemas de posse da terra,http://aims.fao.org/aos/agrovoc/c_66afb052
land titling,immatriculation des terres,Titulación de la tierra,Titulação de propriedade de terras,http://aims.fao.org/aos/agrovoc/c_119678e7
land transactions,transactions foncières,Transacciones de tierras,Transações de terra,http://aims.fao.org/aos/agrovoc/c_a4f67d48
land transfers,Mutation foncière,Asignación de tierras,Transferência da terra (jurídica),http://aims.fao.org/aos/agrovoc/c_4181
land use,Utilisation des terres,Utilización de la tierra,Uso da terra,http://aims.fao.org/aos/agrovoc/c_4182
land use mapping,Cartographie de l' utilisation des terres,Cartografía del uso de la tierra,Cartografia do uso da terra,http://aims.fao.org/aos/agrovoc/c_9000100
land use planning,Aménagement du territoire,Ordenación territorial,Ordenamento do território,http://aims.fao.org/aos/agrovoc/c_37899
land valuation,évaluation foncière,Valoración de tierras,Avaliação de terras,http://aims.fao.org/aos/agrovoc/c_72dd6860
landlessness,Paysannat sans terre,Campesino sin tierra,Agricultor sem terra,http://aims.fao.org/aos/agrovoc/c_24403
landowners,Propriétaire foncier,Propietarios rurales,Proprietário rural,http://aims.fao.org/aos/agrovoc/c_4184
latifundium,latifundium,latifundio,Latifúndio,http://aims.fao.org/aos/agrovoc/c_9c0e84b3
leases,Bail,Arrendamiento,Arrendamento,http://aims.fao.org/aos/agrovoc/c_4240
legal empowerment,attribution du pouvoir légal,Empoderamiento legal,Atribuição de autorização legal,http://aims.fao.org/aos/agrovoc/c_c1543349
legal pluralism,pluralisme juridique,Pluralismo legal,Pluralismo jurídico,http://aims.fao.org/aos/agrovoc/c_434cfdd6
lineage,Lignée,Linaje,Linhagem,http://aims.fao.org/aos/agrovoc/c_29225
lineage land,territoire lignager,tierra de un linaje,Terras de linhagem,http://aims.fao.org/aos/agrovoc/c_d08b21b6
local community,communauté locale,comunidad local,Comunidade local,http://aims.fao.org/aos/agrovoc/c_45cd8441
management rights,droit de gestion,derechos de gestión,Direitos de gestão,http://aims.fao.org/aos/agrovoc/c_862db225
manure contract,contrat de fumure,contrato sobre abono natural,Contrato de abastecimento de estrume,http://aims.fao.org/aos/agrovoc/c_6b8a1f45
marital property rights,droits patrilinéaires de la propriété,derechos de propiedad maritales,direitos de propriedade conjugal,http://aims.fao.org/aos/agrovoc/c_64d8574a
matrilineal,matrilinéaire,matrilineal,Matrilinear,http://aims.fao.org/aos/agrovoc/c_a0982198
mining,industrie minière,minería,Indústria mineira,http://aims.fao.org/aos/agrovoc/c_49983
natural disasters,Catastrophe naturelle,Desastres naturales,Catástrofe natural,http://aims.fao.org/aos/agrovoc/c_10391
natural resources management,gestion des ressources naturelles,ordenación de recursos naturales,Gestão de recursos naturais,http://aims.fao.org/aos/agrovoc/c_9000115
nature reserves,Réserve naturelle,Reservas naturales,Reserva natural,http://aims.fao.org/aos/agrovoc/c_16141
negotiated land reform,réforme agraire négociée,reforma negociada de la tenencia de la tierra,Reforma negociado da posse da terra,http://aims.fao.org/aos/agrovoc/c_f84a48c4
non indigenous peoples,population allochtone,foráneo,População alóctone,http://aims.fao.org/aos/agrovoc/c_28e0dafa
notary,notaire,notario,Notário,http://aims.fao.org/aos/agrovoc/c_72efbdb8
occupation,occupation,ocupación,Ocupação,http://aims.fao.org/aos/agrovoc/c_9044ce39
open access (land),accès libre (territoire),libre acceso (espacio),Acesso livre (terra),http://aims.fao.org/aos/agrovoc/c_51a39a94
orphans land rights,droit des orphelins à la terre,derechos sobre la tierra de los huérfanos,Direitos dos órfãos à terra,http://aims.fao.org/aos/agrovoc/c_e5f9b786
palm oil industries,l'industrie de l'huile de palme,Industrias de la palma aceitera,Indústrias de óleo de palma,http://aims.fao.org/aos/agrovoc/c_ccc27fe2
parcel plan,plan parcellaire,plan parcelario,Plano de parcela,http://aims.fao.org/aos/agrovoc/c_2ee25bd9
pastoral land rights,droit foncier pastoral,derechos agropastoriles,Direitos de pastagem,http://aims.fao.org/aos/agrovoc/c_4d6b6100
pastoral lands,espace pastoral,tierras de pastoreo,Terras pastoris,http://aims.fao.org/aos/agrovoc/c_8e487587
pastoralists,éleveurs,Pastoralistas,"Pecuários, Pastores",http://aims.fao.org/aos/agrovoc/c_653f04fe
patrilineal,patrilinéaire,patrilineal,Patrilinear,http://aims.fao.org/aos/agrovoc/c_85dfd05c
peri-urban agriculture,Agriculture périurbaine,Agricultura peri urbana,Agricultura suburbana,http://aims.fao.org/aos/agrovoc/c_18389
perimeter (land),périmètre (terrain),perímetro (de la tierra),Perímetro (terra),http://aims.fao.org/aos/agrovoc/c_db4161cb
personal property,propriété personnelle,propiedad personal,Propriedade pessoal,http://aims.fao.org/aos/agrovoc/c_2f114c12
poverty,Pauvreté,Pobreza,Pobreza,http://aims.fao.org/aos/agrovoc/c_6151
pre-emption rights,droit de préemption,derechos de prelación,Direito de preferência,http://aims.fao.org/aos/agrovoc/c_9c081fdc
prescription,prescription,prescripción,Prescrição,http://aims.fao.org/aos/agrovoc/c_f86e1a09
priest of the land,prêtre de la terre,maestro de la tierra,Encarregado de trabalhos,http://aims.fao.org/aos/agrovoc/c_28f78be5
private forests,forêts privées,bosques privados,Florestas privadas,http://aims.fao.org/aos/agrovoc/c_1882e93f
private ownership,Propriété privée,Propiedad privada,Propriedade privada,http://aims.fao.org/aos/agrovoc/c_6192
property,Possession,Posesión,Imóvel,http://aims.fao.org/aos/agrovoc/c_13609
property law,droit immobilier,derecho inmobiliario,Direito imobiliário,http://aims.fao.org/aos/agrovoc/c_da192f3f
property rights,Droit de propriété,Derechos de propiedad,Direito de propriedade,http://aims.fao.org/aos/agrovoc/c_37942
protected areas,Zone protegée,Zonas protegidas,Zona protegida,http://aims.fao.org/aos/agrovoc/c_37952
public ownership,propriété publique,propiedad pública,Propriedade pública,http://aims.fao.org/aos/agrovoc/c_6350
rangelands,Parcours,Tierras de pastos,Terras de pastagem,http://aims.fao.org/aos/agrovoc/c_6448
reforms,réforme,reforma,Reforma,http://aims.fao.org/aos/agrovoc/c_bb4738d4
regularization of illegal occupation,régularisation d' occupation,regularización de ocupación,Regularização da ocupação ilegal,http://aims.fao.org/aos/agrovoc/c_3b50d6b6
regularization of ownership,régularisation foncière,regularización de tierras,Regularização fundiária,http://aims.fao.org/aos/agrovoc/c_d190bc52
research,Recherche,Investigación,Investigação,http://aims.fao.org/aos/agrovoc/c_6513
right of access,droit d'usage,Derecho de uso,Direito de acesso,http://aims.fao.org/aos/agrovoc/c_6604
right of first occupancy,droit du premier occupant,derecho de primer ocupante,Direito do primeiro ocupante,http://aims.fao.org/aos/agrovoc/c_9904d265
rights in divorce,droits lors du divorce,Derechos en el divorcio,Direitos no divórcio,http://aims.fao.org/aos/agrovoc/c_b3372020
rights of clearance,droit de la hache,derechos de tala,Direito de desmatamento,http://aims.fao.org/aos/agrovoc/c_62487b4a
riparian rights,droit du riverain,derechos ribereños,Direitos ribeirinhos ou ripários,http://aims.fao.org/aos/agrovoc/c_a6fdfb0e
rural areas,Zone rurale,Zonas rurales,Zona rural,http://aims.fao.org/aos/agrovoc/c_6699
rural development,Développement rural,Desarrollo rural,Desenvolvimento rural,http://aims.fao.org/aos/agrovoc/c_6701
rural planning,Aménagement rural,Planificación rural,Planeamento rural,http://aims.fao.org/aos/agrovoc/c_6704
rural population,Population rurale,Población rural,População rural,http://aims.fao.org/aos/agrovoc/c_6705
sacred woods,bois sacré,bosques sagrados,Floresta sagrada,http://aims.fao.org/aos/agrovoc/c_c0a7f4fb
scale,échelle (cartographie),escala,Escala (cartografia),http://aims.fao.org/aos/agrovoc/c_128d5eb6
scrublands,Brousse,Tierras de matorral,Área de matagal,http://aims.fao.org/aos/agrovoc/c_6887
security of tenure (land),sécurité de tenure (foncière),reconocimiento de la posesión (de la tierra),Segurança da posse (de terra),http://aims.fao.org/aos/agrovoc/c_7fc44e33
servient tenement,servitude,predio sirviente,Servidão,http://aims.fao.org/aos/agrovoc/c_31e765ad
slums,taudis,Suburbio,Bairro de lata,http://aims.fao.org/aos/agrovoc/c_9001019
squatters,squatteur,Ocupantes (ilegales),Ocupantes,http://aims.fao.org/aos/agrovoc/c_34ea1b1e
state forests,Forêt domaniale,Bosques estatales,Floresta do estado,http://aims.fao.org/aos/agrovoc/c_14569
state property,Propriété publique,Propiedad pública,Propriedade do estado,http://aims.fao.org/aos/agrovoc/c_22d01a32
statute law,droit écrit de l' état,derecho escrito,Lei estatutária,http://aims.fao.org/aos/agrovoc/c_86cb818a
statutory tenure,droits statutaires,Tenencia legal,Posse legal,http://aims.fao.org/aos/agrovoc/c_dc5739ab
surveyors,géomètre,geómetra,Topógrafo, ou Geómetra,http://aims.fao.org/aos/agrovoc/c_26e30c73
sustainable development,Développement durable,Desarrollo sostenible,Desenvolvimento sustentável,http://aims.fao.org/aos/agrovoc/c_35332
sustainable land management,Gestion foncière durable,Ordenación de tierras sostenible,Ordenamento sustentável da terra,http://aims.fao.org/aos/agrovoc/c_36580
sustainable land use,utilisation durable des terres,Uso sostenible de la tierra,Uso sustentável da terra,http://aims.fao.org/aos/agrovoc/c_bdedf48c
tenant farmers,tenancier,tenedor,Arrendatário (terra),http://aims.fao.org/aos/agrovoc/c_f73955fb
tenant's rights,Droit du locataire,Derecho del propietario,Direito do arrendatário,http://aims.fao.org/aos/agrovoc/c_28775
tenants,locataires,Arrendatarios,Arrendatário,http://aims.fao.org/aos/agrovoc/c_330886
tenure regularization,régularisation foncière,Regularización de la tenencia,Regularização do arrendamento rural,http://aims.fao.org/aos/agrovoc/c_cc3d0c47
territory,territoire,territorio,Território,http://aims.fao.org/aos/agrovoc/c_a9e7dd7f
title deed,titre foncier,titulo de propriedad,Título de propriedade,http://aims.fao.org/aos/agrovoc/c_b769471e
Torrens system,système Torrens,sistema Torrens,Sistema Torrens,http://aims.fao.org/aos/agrovoc/c_7017dc39
town and country planning,planification territoriale (villes et campagnes),plan de ordenamiento territorial,Plano de ordenamento territorial,http://aims.fao.org/aos/agrovoc/c_9f542492
transaction costs,coût de transaction,costos de transacción,Custos de transação,http://aims.fao.org/aos/agrovoc/c_aa48855b
trust,ressources financières,Fideicomiso,Fideicomisso,http://aims.fao.org/aos/agrovoc/c_0cc6c485
unclaimed lands,terres vacantes,baldíos,Terras não reclamadas,http://aims.fao.org/aos/agrovoc/c_0e0e555b
urban areas,Zone urbaine,Zonas urbanas,Zona urbana,http://aims.fao.org/aos/agrovoc/c_8085
urban forestry,foresterie urbaine,arboricultura urbana,Arborização urbana,http://aims.fao.org/aos/agrovoc/c_32620
urban planning,Aménagement urbain,Planificación urbana,Ordenamento urbano,http://aims.fao.org/aos/agrovoc/c_37948
urban population,Population urbaine,Población urbana,População urbana,http://aims.fao.org/aos/agrovoc/c_8086
urbanization,Urbanisation,Urbanización,Urbanização,http://aims.fao.org/aos/agrovoc/c_8088
use rights,droits d' usage,derechos de uso,Direitos de uso,http://aims.fao.org/aos/agrovoc/c_945c9e82
usufruct,Usufruit,Usufructo,Usufruto,http://aims.fao.org/aos/agrovoc/c_28784
waste,droit de disposer,abuso,Abuso,http://aims.fao.org/aos/agrovoc/c_ecf20c17
water management,Gestion des eaux,Ordenación de aguas,Gestão da água,http://aims.fao.org/aos/agrovoc/c_8320
water management in lowland,gestion des eaux sur les plaines,Gestión de agua en tierras bajas,Gestão da água nas planícies,http://aims.fao.org/aos/agrovoc/c_330634
water management in upland,gestion des eaux sur les hauts-plateaux,Gestión de agua en tierras altas,Gestão da água nas montanhas,http://aims.fao.org/aos/agrovoc/c_330633
water rights,Réglementation des eaux,Derecho de aguas,Direito relativo à água,http://aims.fao.org/aos/agrovoc/c_16062
willing seller,vendeur potentiel,vendedor voluntario,Vendedor potencial,http://aims.fao.org/aos/agrovoc/c_88c1b116
women,Femme,Mujeres,Mulher,http://aims.fao.org/aos/agrovoc/c_8420
youth,Jeunesse,Juventud,Juventude,http://aims.fao.org/aos/agrovoc/c_8491
zoning,Zonage,Zonificación,Zonagem,http://aims.fao.org/aos/agrovoc/c_36936